{
    "gravity_repair": {
      "gravity": [ 0.0, 0.0, 0.8 ],
      "center":  [0, 0, 0.01 ]
    },
    "bias_repair": [ -0.36, -0.95, -10.4, -0.105, -0.05, 0.008 ],
    "filter_param": {
      "den": [ 1.0, 0.3815584570930084, 0.76551678814900237 ],
      "num": [ 0.79519990113706318, 0.1868726045543786, 0.48976439578823106 ]
    },
  "pid_factor": {
    "P": [ 0.005, 0.005, 0.005, 0.15, 0.15, 0.15 ],
    "I": [ 0.0, 0.0, 0.0, 0.0, 0.0, 0.0 ],
    "D": [ 0.0, 0.0, 0.0, 0.0, 0.0, 0.0 ],
    "N": [ 0.0, 0.0, 0.0, 0.0, 0.0, 0.0 ]
  },
    "dead_zone": {
      "start": [ -1.5, -1.5, -1.5, -0.1, -0.1, -0.1 ],
      "end": [ 1.5, 1.5, 1.5, 0.1, 0.1, 0.1 ]
    },
    "saturation_limit": {
      "lower": [ -0.5, -0.5, -0.5, -0.5, -0.5, -0.5 ],
      "upper": [ 0.5, 0.5, 0.5, 0.5, 0.5, 0.5 ]
    }
}