{
    "gravity_repair": {
      "gravity": [ 0, 0, 2.2 ],
      "center":  [0, 0, 0 ]
    },
    "bias_repair": [ 0, 0, 8.1, 0.05, 0.05, 0.05 ],
    "filter_param": {
      "den": [ 1.0, 0.3815584570930084, 0.76551678814900237 ],
      "num": [ 0.79519990113706318, 0.1868726045543786, 0.48976439578823106 ]
    },
    "pid_factor": {
      "P": [ 0.001, 0.001, 0.001, 0.0001, 0.0001, 0.0001 ],
      "I": [ 0.0, 0.0, 0.0, 0.0, 0.0, 0.0 ],
      "D": [ 0.0, 0.0, 0.0, 0.0, 0.0, 0.0 ],
      "N": [ 0.0, 0.0, 0.0, 0.0, 0.0, 0.0 ]
    },
    "dead_zone": {
      "start": [ -0.5, -0.5, -0.5, -0.5, -0.5, -0.5 ],
      "end": [ 0.5, 0.5, 0.5, 0.5, 0.5, 0.5 ]
    },
    "saturation_limit": {
      "lower": [ -100, -100, -100, -100, -100, -100 ],
      "upper": [ 100, 100, 100, 100, 100, 100 ]
    }
}