{
    "gravity_repair": {
      "gravity": [ 0.04805, -0.0465, 0.72275 ],
      "center":  [0, 0, 0 ]
    },
    "bias_repair": [ -1.03295, -2.1155, -18.59395, 0.11185, -0.0393, 0.00305 ],
    "filter_param": {
      "den": [ 1.0, 0.3815584570930084, 0.76551678814900237 ],
      "num": [ 0.79519990113706318, 0.1868726045543786, 0.48976439578823106 ]
    },
    "pid_factor": {
      "P": [ 0.001, 0.001, 0.001, 0.03, 0.03, 0.03 ],
      "I": [ 0.0, 0.0, 0.0, 0.0, 0.0, 0.0 ],
      "D": [ 0.0, 0.0, 0.0, 0.0, 0.0, 0.0 ],
      "N": [ 0.0, 0.0, 0.0, 0.0, 0.0, 0.0 ]
    },
    "dead_zone": {
      "start": [ -0.5, -0.5, -0.5, -0.1, -0.1, -0.1 ],
      "end": [ 0.5, 0.5, 0.5, 0.1, 0.1, 0.1 ]
    },
    "saturation_limit": {
      "lower": [ -0.5, -0.5, -0.5, -0.5, -0.5, -0.5 ],
      "upper": [ 0.5, 0.5, 0.5, 0.5, 0.5, 0.5 ]
    }
}