{
    "gravity_repair": {
      "gravity": [ 0.0, 0.0, -2.88 ],
      "center":  [0, 0, 0.04 ]
    },
    "bias_repair": [ -0.28, -0.58, -13.40, -0.195, -0.03, 0.024 ],
    "filter_param": {
      "den": [ 1.0, 0.3815584570930084, 0.76551678814900237 ],
      "num": [ 0.79519990113706318, 0.1868726045543786, 0.48976439578823106 ]
    },
  "pid_factor": {
    "P": [ 0.01, 0.01, 0.01, 0.35, 0.35, 0.35 ],
    "I": [ 0.0, 0.0, 0.0, 0.0, 0.0, 0.0 ],
    "D": [ 0.0, 0.0, 0.0, 0.0, 0.0, 0.0 ],
    "N": [ 0.0, 0.0, 0.0, 0.0, 0.0, 0.0 ]
  },
    "dead_zone": {
      "start": [ -1.5, -1.5, -1.5, -0.1, -0.1, -0.1 ],
      "end": [ 1.5, 1.5, 1.5, 0.1, 0.1, 0.1 ]
    },
    "saturation_limit": {
      "lower": [ -0.1, -0.1, -0.1, -0.1, -0.1, -0.1 ],
      "upper": [ 0.1, 0.1, 0.1, 0.1, 0.1, 0.1 ]
    }
}